<?xml version="1.0" encoding="UTF-8"?><!-- edited with XMLSPY v2004 rel. 3 U (http://www.xmlspy.com) by Mark Jackson (Royal Botanic Gardens, Kew) --><!--3 February 2005--><DataSet xmlns:xsi="http://www.w3.org/2001/XMLSchema-instance" xsi:noNamespaceSchemaLocation="AfricanTypesv2.xsd"><!-- the above address should be edited to reflect the location of the schema in your system. This is useful if you intend to validate the XML file against the schema, as it tells the validation software where to locate the latter -->	<InstitutionCode>K</InstitutionCode>	<InstitutionName>Royal Botanic Gardens, Kew</InstitutionName>	<DateSupplied>2004-04-01</DateSupplied>	<PersonName>Tania Durt</PersonName>	<Unit>		<UnitID>K000009107</UnitID>		<DateLastModified>2003-06-23</DateLastModified>		<Identification StoredUnderName="true">			<Family>SAPOTACEAE</Family>			<Genus>Pouteria</Genus>			<Species>ferrugineo-tomentos</Species>			<Author>Engl.</Author>			<PlantNameCode>1078643-2</PlantNameCode>			<Identifier>Smith, J</Identifier>			<IdentificationDate>				<StartMonth>05</StartMonth>				<StartYear>1997</StartYear>			</IdentificationDate>			<TypeStatus>Type ?</TypeStatus>		</Identification>		<Identification StoredUnderName="false">			<Family>SAPOTACEAE</Family>			<Genus>Malacantha</Genus>			<Species>sacleuxii</Species>			<Author>Lecomte</Author>			<PlantNameCode>1019372-1</PlantNameCode>			<Identifier>Brown, C.H.</Identifier>			<IdentificationDate>				<StartMonth>02</StartMonth>				<StartYear>1952</StartYear>			</IdentificationDate>			<TypeStatus>Isotype</TypeStatus>		</Identification>		<Identification StoredUnderName="false">			<Family>SAPOTACEAE</Family>			<Genus>Malacantha</Genus>			<Species>alnifolia</Species>			<Author>(Baker) Pierre</Author>			<Infra-specificRank>var.</Infra-specificRank>			<Infra-specificEpithet>sacleuxii</Infra-specificEpithet>			<Infra-specificAuthor>(Lecomte) N.Hemsley</Infra-specificAuthor>			<Identifier>Not on sheet</Identifier>			<IdentificationDate>				<OtherText>Not on sheet</OtherText>			</IdentificationDate>			<TypeStatus>-</TypeStatus>		</Identification>		<Collectors>Sacleux</Collectors>		<CollectorNumber>1767</CollectorNumber>		<CollectionDate>			<StartYear>1951</StartYear>			<OtherText>Easter</OtherText>		</CollectionDate>		<CountryName>Tanzania</CountryName>		<ISO2Letter>TZ</ISO2Letter>		<Locality>East Coast of Africa:Zanzibar</Locality>	</Unit>	<Unit>		<UnitID>K000009131</UnitID>		<DateLastModified>2003-06-23</DateLastModified>		<Identification StoredUnderName="true">			<Family>PRIMULACEAE</Family>			<Genus>Anagallis</Genus>			<Species>angustiloba</Species>			<Author>(Engl.) Engl.</Author>			<PlantNameCode>28858</PlantNameCode>			<Identifier>Taylor, P.</Identifier>			<IdentificationDate>				<StartDay>26</StartDay>				<StartMonth>07</StartMonth>				<StartYear>1954</StartYear>			</IdentificationDate>			<TypeStatus>Holotype</TypeStatus>		</Identification>		<Collectors>Drummond, R.B.;Hemsley, J.H.</Collectors>		<CollectorNumber>1569</CollectorNumber>		<CollectionDate>			<StartDay>13</StartDay>			<StartMonth>03</StartMonth>			<StartYear>1953</StartYear>		</CollectionDate>		<CountryName>Tanzania</CountryName>		<ISO2Letter>TZ</ISO2Letter>		<Locality>Morogoro District, Lukwangule Plateau, above Chenzema Mission, Uluguru Mountains</Locality>		<Altitude>2500m</Altitude>	</Unit>	<Unit>		<UnitID>K000098445</UnitID>		<DateLastModified>2003-06-23</DateLastModified>		<Identification StoredUnderName="true">			<Family>DIOSCOREACEAE</Family>			<Genus>Dioscorea</Genus>			<Species>hirtiflora</Species>			<Author>Benth.</Author>			<Infra-specificRank>subsp.</Infra-specificRank>			<Infra-specificEpithet>orientalis</Infra-specificEpithet>			<Infra-specificAuthor>Milne-Redh.</Infra-specificAuthor>			<PlantNameCode>99577-1</PlantNameCode>			<Identifier>Taylor, P.</Identifier>			<IdentificationDate>				<StartYear>1973</StartYear>			</IdentificationDate>			<TypeStatus>-</TypeStatus>		</Identification>		<Collectors>Faulkner, H</Collectors>		<CollectorNumber>4238</CollectorNumber>		<CollectionDate>			<StartDay>12</StartDay>			<StartMonth>06</StartMonth>			<StartYear>1969</StartYear>			<EndDay>23</EndDay>			<EndMonth>06</EndMonth>			<EndYear>1969</EndYear>		</CollectionDate>		<UnitTypeStatus>Type ?</UnitTypeStatus>		<CountryName>Tanzania</CountryName>		<ISO2Letter>TZ</ISO2Letter>		<Locality>Korogwe District.</Locality>		<Altitude>2500m</Altitude>	</Unit></DataSet>